Position,Company,Location,URL
Python Full Stack Web Developer,Open Architects,ğŸ‡ºğŸ‡¸ United States,https://remoteok.com/remote-jobs/remote-python-full-stack-web-developer-open-architects-281416
Product Engineer,Klu,ğŸŒ Worldwide,https://remoteok.com/remote-jobs/remote-product-engineer-klu-275278
Full stack Developer,Lemon.io,ğŸ‡ªğŸ‡º Europe,https://remoteok.com/remote-jobs/remote-full-stack-developer-lemon-io-281173
Full Stack Software Engineer,QuickTrials,ğŸŒ Worldwide,https://remoteok.com/remote-jobs/remote-full-stack-software-engineer-quicktrials-240367
Principal Technical Artist Art Metaverse,Improbable,ğŸ‡·ğŸ‡´ Romania,https://remoteok.com/remote-jobs/remote-principal-technical-artist-art-metaverse-improbable-264998
Senior Technical Artist Art & Audio Metaverse,Improbable,ğŸ‡µğŸ‡± Poland,https://remoteok.com/remote-jobs/remote-senior-technical-artist-art-audio-metaverse-improbable-265000
Senior Backend Python Developer,Proxify,ğŸŒ Worldwide,https://remoteok.com/remote-jobs/remote-senior-backend-python-developer-proxify-206355
Pipeline Technical Director,Yuga Labs,Worldwide,https://remoteok.com/remote-jobs/remote-pipeline-technical-director-yuga-labs-263541
Staff Software Engineer Data Platform,TRM Labs,Worldwide,https://remoteok.com/remote-jobs/remote-staff-software-engineer-data-platform-trm-labs-262064
Lead Technical Artist,Improbable,ğŸ‡¬ğŸ‡§ United Kingdom,https://remoteok.com/remote-jobs/remote-lead-technical-artist-improbable-262061
Senior Rust Developer,Status SNT,Remote (Worldwide),https://remoteok.com/remote-jobs/remote-senior-rust-developer-status-snt-259172
Test Automation Engineer,Status SNT,Remote (Worldwide),https://remoteok.com/remote-jobs/remote-test-automation-engineer-status-snt-257696
Lead Product Analyst,Latoken,ğŸ‡ºğŸ‡¸ United States,https://remoteok.com/remote-jobs/remote-lead-product-analyst-latoken-256241
Technical Research Analyst,Messari,ğŸ‡ºğŸ‡¸ United States,https://remoteok.com/remote-jobs/remote-technical-research-analyst-messari-253291
Full stack Python Developer,Lemon.io,ğŸ‡ªğŸ‡º Europe,https://remoteok.com/remote-jobs/remote-full-stack-python-developer-lemon-io-252173
60% Web Developer 30% Linux Sysadmin 10% Tech Support,Lightup Network Solutions,ğŸŒ Worldwide,https://remoteok.com/remote-jobs/remote-60-web-developer-30-linux-sysadmin-10-tech-support-lightup-network-solutions-250047
Junior Python Developer,TalentKompass Deutschland,ğŸ‡°ğŸ‡ª Kenya,https://remoteok.com/remote-jobs/remote-junior-python-developer-talentkompass-deutschland-248972
Senior QA Engineer,Binance,Remote - Europe,https://remoteok.com/remote-jobs/remote-senior-qa-engineer-binance-248976
Software Developer,Hashlist,ğŸŒ Worldwide,https://remoteok.com/remote-jobs/remote-software-developer-hashlist-248872
Principal Technical Artist Art & Audio Metaverse,Improbable,ğŸ‡·ğŸ‡´ Romania,https://remoteok.com/remote-jobs/remote-principal-technical-artist-art-audio-metaverse-improbable-248866
